Company,Skills,Description,Publish Date,Experience,Location
    Surya Informatics Solutions Pvt. Ltd.        ,"python  ,  web technologies  ,  linux  ,  mobile  ,  mysql  ,  angularjs  ,  javascript              ",card_travel0 - 3 yrslocation_onChennai,Posted few days ago,card_travel0 - 3 yrs,Chennai
    TandA HR Solutions        ,"Python  ,   Django  ,   Flask              ","card_travel3 - 6 yrslocation_onMohali,  Chandigarh",Posted 1 day ago,card_travel3 - 6 yrs,"Mohali,  Chandigarh"
    Polaris Consulting & Services Ltd        ,"python  ,  django  ,  apache  ,  devops              ",card_travel0 - 3 yrslocation_onBengaluru / Bangalore,Posted 4 days ago,card_travel0 - 3 yrs,Bengaluru / Bangalore
    E FRIEND TECHNOLOGIES     (More Jobs) ,"python  ,  django  ,  Css              ",card_travel1 - 4 yrs₹Rs 1.80 - 4.00 Lacs p.a.location_onIndore,Posted few days ago,card_travel1 - 4 yrs,Indore
    INFINITY GROUP        ,"python  ,  css  ,  django  ,  html  ,  bootstrap              ",card_travel2 - 5 yrslocation_onNoida/Greater Noida,Posted 2 days ago,card_travel2 - 5 yrs,Noida/Greater Noida
    route mobile ltd        ,"python  ,  django  ,  postgresql  ,  mysql  ,  docker              ",card_travel2 - 3 yrslocation_onMumbai,Posted 6 days ago,card_travel2 - 3 yrs,Mumbai
    toolyt        ,"                algorithms  ,  python  ,  machine learning  ,  django              ",card_travel4 - 5 yrslocation_onBengaluru / Bangalore,Posted 6 days ago,card_travel4 - 5 yrs,Bengaluru / Bangalore
    Perfios Software        ,"python  ,  java  ,  scala              ",card_travel5 - 8 yrslocation_onBengaluru / Bangalore,Posted few days ago,card_travel5 - 8 yrs,Bengaluru / Bangalore
    Sourcedesk Global Private Limited        ,"                html5  ,  storage  ,  python  ,  javascript  ,  django  ,  infrastructure              ",card_travel3 - 15 yrslocation_onKolkata,Posted 1 day ago,card_travel3 - 15 yrs,Kolkata
    MUSIKAAR        ,"python  ,  problem solving  ,  django  ,  mysql              ",card_travel1 - 3 yrslocation_onAhmedabad,Posted few days ago,card_travel1 - 3 yrs,Ahmedabad
    Triadss Tech Solutions        ,"python  ,  django  ,  html5  ,  javascript              ",card_travel0 - 3 yrslocation_onChennai,Posted few days ago,card_travel0 - 3 yrs,Chennai
    KPMG India Pvt Ltd        ,"                docker  ,  database  ,  software engineer  ,  teamcity  ,  python  ,  django              ",card_travel0 - 3 yrslocation_onBengaluru / Bangalore,Posted 6 days ago,card_travel0 - 3 yrs,Bengaluru / Bangalore
    KPMG India Pvt Ltd        ,"                docker  ,  database  ,  software engineer  ,  teamcity  ,  python  ,  django              ",card_travel0 - 3 yrslocation_onGurgaon,Posted 6 days ago,card_travel0 - 3 yrs,Gurgaon
    Ivan Infotech Pvt. Ltd.        ,"                rest  ,  python  ,  security  ,  debugging              ",card_travel2 - 5 yrslocation_onKolkata,Posted few days ago,card_travel2 - 5 yrs,Kolkata
    Cybage Software Pvt Ltd        ,"python  ,  html5  ,  javascript  ,  nosql  ,  docker  ,  django  ,  software developer  ,  mongodb              ","card_travel4 - 7 yrslocation_onGandhinagar,  Hyderabad/Secunderabad,  Pune",Posted 1 day ago,card_travel4 - 7 yrs,"Gandhinagar,  Hyderabad/Secunderabad,  Pune"
    Yudiz Solutions        ,"                algorithms  ,  python  ,  problem solving  ,  database  ,  django  ,  git  ,  html  ,  technical skills              ",card_travel2 - 5 yrslocation_onAhmedabad,Posted 1 day ago,card_travel2 - 5 yrs,Ahmedabad
    TandA HR Solutions        ,"python  ,  git  ,  django              ","card_travel4 - 6 yrslocation_onGurgaon,  Chandigarh",Posted few days ago,card_travel4 - 6 yrs,"Gurgaon,  Chandigarh"
    east india securities ltd.        ,"python  ,  hadoop  ,  machine learning              ",card_travel2 - 5 yrslocation_onKolkata,Posted few days ago,card_travel2 - 5 yrs,Kolkata
    Somet Consulting Group     (More Jobs) ,"                Software Developer  ,  Python Developer  ,  Python Scripting  ,  Django  ,  html  ,  Css  ,  Javascript  ,  Mysql  ,  Postrege  ,  flask  ,  Pandas  ,  Numpy  ,  Software Engineer  ,  Ahmedabad  ,  Gujarat              ","card_travel1 - 6 yrs₹Rs 3.00 - 9.00 Lacs p.a.location_onAhmedabad,  Gandhinagar,  Vadodara",Posted 3 days ago,card_travel1 - 6 yrs,"Ahmedabad,  Gandhinagar,  Vadodara"
    JobsLo Consultants        ,"python  ,  linux  ,  windows  ,  sql              ",card_travel2 - 3 yrslocation_onIndore,Posted few days ago,card_travel2 - 3 yrs,Indore
    Claritaz TechLabs LLP        ,"python  ,  django  ,  git  ,  rest api  ,  multithreading  ,  shell scripting  ,  api              ",card_travel0 - 3 yrslocation_onChennai,Posted 5 days ago,card_travel0 - 3 yrs,Chennai
    TECHNOPARK TRIVANDRUM        ,"                rest  ,  python  ,  problem solving  ,  sql  ,  django  ,  mysql  ,  mvc  ,  middleware              ",card_travel2 - 6 yrslocation_onThiruvananthapuram,Posted 4 days ago,card_travel2 - 6 yrs,Thiruvananthapuram
    appy pie        ,"python  ,  django  ,  html5  ,  javascript              ",card_travel1 - 2 yrslocation_onNoida/Greater Noida,Posted few days ago,card_travel1 - 2 yrs,Noida/Greater Noida
    Wing Global IT Services        ,"                spring boot  ,  python  ,  java  ,  django  ,  jpa  ,  hibernate              ",card_travel2 - 5 yrslocation_onPanchkula,Posted few days ago,card_travel2 - 5 yrs,Panchkula
    art technology and software india pvt ltd        ,"                rest  ,  python  ,  database  ,  django  ,  api              ",card_travel2 - 3 yrslocation_onCochin/ Kochi/ Ernakulam,Posted few days ago,card_travel2 - 3 yrs,Cochin/ Kochi/ Ernakulam
    sjain ventures        ,"python  ,  web developer  ,  web services              ",card_travel0 - 3 yrslocation_onRaipur,Posted few days ago,card_travel0 - 3 yrs,Raipur
    APPLYCUP HIRING SOLUTIONS LLP        ,"python   ,  Django  ,   Object Relational Mapper              ",card_travel3 - 5 yrslocation_onSurat,Posted few days ago,card_travel3 - 5 yrs,Surat
    systango        ,"python  ,  django  ,  javascript  ,  web programming              ",card_travel5 - 8 yrslocation_onIndore,Posted few days ago,card_travel5 - 8 yrs,Indore
    young minds technology solutions pvt ltd        ,"python  ,  html5  ,  storage  ,  javascript  ,  security  ,  django              ",card_travel0 - 3 yrslocation_onTirupati,Posted few days ago,card_travel0 - 3 yrs,Tirupati
    APPLYCUP HIRING SOLUTIONS LLP        ,"python  ,  web technologies  ,  web technologies              ",card_travel4 - 6 yrslocation_onPune,Posted few days ago,card_travel4 - 6 yrs,Pune
    APPLYCUP HIRING SOLUTIONS LLP        ,"python  ,  django  ,  html5  ,  javascript              ",card_travel2 - 4 yrslocation_onGandhinagar,Posted few days ago,card_travel2 - 4 yrs,Gandhinagar
    APPLYCUP HIRING SOLUTIONS LLP        ,"python  ,  django  ,  html5  ,  javascript              ","card_travel2 - 15 yrslocation_onGurgaon,  Delhi,  Delhi/NCR",Posted few days ago,card_travel2 - 15 yrs,"Gurgaon,  Delhi,  Delhi/NCR"
    quality thought        ,"                rest  ,  python  ,  django  ,  information technology              ",card_travel2 - 5 yrslocation_onHyderabad/Secunderabad,Posted few days ago,card_travel2 - 5 yrs,Hyderabad/Secunderabad
    ons interactive solutions pvt ltd        ,"python  ,  django  ,  html5  ,  javascript              ",card_travel1 - 2 yrslocation_onNoida/Greater Noida,Posted few days ago,card_travel1 - 2 yrs,Noida/Greater Noida
    DREAMAJAX TECHNOLOGIES        ,"python  ,  django  ,  api  ,  sql  ,  nosql              ",card_travel4 - 7 yrslocation_onBengaluru / Bangalore,Posted few days ago,card_travel4 - 7 yrs,Bengaluru / Bangalore
    Anantha Cyber Tech Pvt Limited        ,"python  ,  c    ,  c  ,  information technology              ",card_travel3 - 6 yrslocation_onHyderabad/Secunderabad,Posted few days ago,card_travel3 - 6 yrs,Hyderabad/Secunderabad
    CONNECTING 2 WORK        ,"python  ,  storage  ,  django  ,  testing tools  ,  debugging              ",card_travel5 - 10 yrslocation_onThiruvananthapuram,Posted few days ago,card_travel5 - 10 yrs,Thiruvananthapuram
    Stalwart Management Consulting        ,"                css  ,  sql  ,  data extraction  ,  xpath  ,  java  ,  linux  ,  html  ,  technical skills  ,  python  ,  os  ,  mobile  ,  windows  ,  django  ,  web crawling              ","card_travel5 - 8 yrslocation_onMumbai,  Chandigarh,  Pune",Posted 1 day ago,card_travel5 - 8 yrs,"Mumbai,  Chandigarh,  Pune"
    Nineleaps        ,"                curl  ,  sql  ,  docker  ,  security  ,  mysql  ,  rest  ,  python  ,  django              ",card_travel0 - 3 yrslocation_onBengaluru / Bangalore,Posted few days ago,card_travel0 - 3 yrs,Bengaluru / Bangalore
    day1 technologies        ,"                rest  ,  python  ,  django  ,  git  ,  postgresql  ,  sql  ,  docker              ",card_travel2 - 3 yrslocation_onBengaluru / Bangalore,Posted few days ago,card_travel2 - 3 yrs,Bengaluru / Bangalore
    pofi technologies pvt ltd.        ,"python  ,  django  ,  html5  ,  oops  ,  javascript              ",card_travel3 - 5 yrslocation_onCoimbatore,Posted few days ago,card_travel3 - 5 yrs,Coimbatore
    Intellectyx        ,"python  ,  mobile  ,  javascript  ,  react.js  ,  django              ",card_travel3 - 6 yrslocation_onCoimbatore,Posted few days ago,card_travel3 - 6 yrs,Coimbatore
    WHITE FORCE        ,"                algorithms  ,  python  ,  mobile  ,  machine learning  ,  ds  ,  mongodb              ",card_travel8 - 11 yrslocation_onGurgaon,Posted few days ago,card_travel8 - 11 yrs,Gurgaon
    Relevance Lab Inc        ,"python  ,  html5  ,  javascript  ,  django  ,  written communication  ,  devops  ,  web technologies              ",card_travel1 - 3 yrslocation_onBengaluru / Bangalore,Posted few days ago,card_travel1 - 3 yrs,Bengaluru / Bangalore
    ikomet Technology Solutions Pvt. Ltd.        ,"python  ,  django  ,  git  ,  html5  ,  debugging  ,  javascript  ,  jquery              ",card_travel0 - 3 yrslocation_onChennai,Posted few days ago,card_travel0 - 3 yrs,Chennai
    SonicWall Inc.        ,"                rest api  ,  sql  ,  linux  ,  mysql  ,  mongodb  ,  python  ,  mobile  ,  nosql              ",card_travel5 - 8 yrslocation_onBengaluru / Bangalore,Posted few days ago,card_travel5 - 8 yrs,Bengaluru / Bangalore
    APTIV        ,"                algorithms  ,  docker  ,  react.js  ,  linux  ,  vms  ,  python  ,  cloud services  ,  algorithm development  ,  machine learning  ,  django              ",card_travel1 - 5 yrslocation_onBengaluru / Bangalore,Posted 6 days ago,card_travel1 - 5 yrs,Bengaluru / Bangalore
    Merkle Inc.        ,"                softwaredesign  ,  devops  ,  python  ,  nosql  ,  docker  ,  sql  ,  git  ,  debugging  ,  crm  ,  mobile  ,  team player  ,  infrastructure              ",card_travel0 - 3 yrslocation_on,Posted 6 days ago,card_travel0 - 3 yrs,
    TECHNOPARK TRIVANDRUM        ,"python  ,  javascript  ,  sql  ,  nosql  ,  oop  ,  database  ,  git  ,  object oriented programming              ",card_travel1 - 6 yrslocation_onThiruvananthapuram,Posted few days ago,card_travel1 - 6 yrs,Thiruvananthapuram
    zoondia software pvt ltd        ,"                rest  ,  python  ,  problem solving  ,  sql  ,  django  ,  mysql  ,  mvc  ,  middleware              ","card_travel2 - 4 yrslocation_onCalicut/ Kozhikode,  Thiruvananthapuram",Posted few days ago,card_travel2 - 4 yrs,"Calicut/ Kozhikode,  Thiruvananthapuram"
    Congruent Info-Tech        ,"                c#  ,  algorithms  ,  python  ,  team player  ,  git  ,  software engineering              ",card_travel3 - 6 yrslocation_onChennai,Posted few days ago,card_travel3 - 6 yrs,Chennai
    TandA HR Solutions        ,"                rest  ,  python  ,  html5  ,  team player  ,  javascript  ,  docker  ,  node.js  ,  django  ,  cloud storage  ,  json  ,  mongodb              ",card_travel2 - 7 yrslocation_onBengaluru / Bangalore,Posted few days ago,card_travel2 - 7 yrs,Bengaluru / Bangalore
    Saraca Solutions Pvt ltd        ,"python  ,  html5  ,  javascript  ,  security  ,  django  ,  debugging              ",card_travel0 - 3 yrslocation_on,Posted few days ago,card_travel0 - 3 yrs,
    Headhuntersinc consultancy Private Limited        ,"                hive  ,  c    ,  sql  ,  java  ,  linux  ,  hadoop  ,  big data  ,  c#  ,  global delivery  ,  python  ,  edi  ,  hl7  ,  .net  ,  unix              ",card_travel10 - 13 yrslocation_onChennai,Posted 5 days ago,card_travel10 - 13 yrs,Chennai
    brancosoft        ,"                html5  ,  oop  ,  security  ,  postgresql  ,  mysql  ,  rest  ,  python  ,  javascript  ,  django  ,  soap              ",card_travel2 - 5 yrslocation_onNoida/Greater Noida,Posted few days ago,card_travel2 - 5 yrs,Noida/Greater Noida
    InnOvator Web Solutions Pvt.Ltd.        ,"                rest  ,  python  ,  django  ,  web developer  ,  mysql  ,  api              ",card_travel5 - 8 yrslocation_onMumbai,Posted few days ago,card_travel5 - 8 yrs,Mumbai
    AxisTechnolabs        ,"python  ,  django  ,  it skills  ,  html5  ,  api  ,  jquery              ",card_travel0 - 1 yrslocation_onAhmedabad,Posted few days ago,card_travel0 - 1 yrs,Ahmedabad
    pearl global solutions        ,"python  ,  database  ,  django  ,  team player  ,  sql              ",card_travel4 - 7 yrslocation_onCochin/ Kochi/ Ernakulam,Posted few days ago,card_travel4 - 7 yrs,Cochin/ Kochi/ Ernakulam
    creative thoughts informatics indore        ,"python  ,  django  ,  rest api  ,  html5  ,  javascript              ",card_travel1 - 4 yrslocation_onIndore,Posted few days ago,card_travel1 - 4 yrs,Indore
    APPLYCUP HIRING SOLUTIONS LLP        ,"python  ,  security  ,  web developer  ,  storage  ,  mongodb              ",card_travel1 - 4 yrslocation_onAhmedabad,Posted few days ago,card_travel1 - 4 yrs,Ahmedabad
    JobsLo Consultants        ,"                application development  ,  Python2   ,  developing programs              ",card_travel2 - 4 yrslocation_onBengaluru / Bangalore,Posted few days ago,card_travel2 - 4 yrs,Bengaluru / Bangalore
    Splice Global Services Pvt Ltd        ,"python  ,  django  ,  git  ,  postgresql  ,  oops  ,  linux  ,  mysql              ",card_travel2 - 5 yrslocation_onGurgaon,Posted few days ago,card_travel2 - 5 yrs,Gurgaon
    DealsCorner        ,"python  ,  css  ,  oops  ,  linux  ,  debugging  ,  html  ,  javascript              ",card_travel1 - 4 yrslocation_onAhmedabad,Posted few days ago,card_travel1 - 4 yrs,Ahmedabad
    CONNECTING 2 WORK        ,"                security compliance  ,  python  ,  html5  ,  mobile  ,  javascript  ,  database  ,  django  ,  debugging              ",card_travel0 - 3 yrslocation_onThiruvananthapuram,Posted few days ago,card_travel0 - 3 yrs,Thiruvananthapuram
    amantya technologies        ,"                algorithms  ,  python  ,  django  ,  database programming  ,  oops  ,  web technologies  ,  debugging  ,  mysql              ",card_travel3 - 8 yrslocation_onGurgaon,Posted few days ago,card_travel3 - 8 yrs,Gurgaon
    Tarams Software Technologies Pvt Ltd        ,"python  ,  rdbms  ,  web based applications  ,  javascript  ,  jquery  ,  django  ,  devops              ",card_travel4 - 7 yrslocation_onBengaluru / Bangalore,Posted few days ago,card_travel4 - 7 yrs,Bengaluru / Bangalore
    Infosys Technologies Ltd        ,"                websphere  ,  information technology  ,  html5  ,  technology analyst  ,  jsp  ,  java  ,  j2ee  ,  project life cycle  ,  rest  ,  global delivery  ,  python  ,  production support              ",card_travel4 - 7 yrslocation_on,Posted 4 days ago,card_travel4 - 7 yrs,
    ATCS        ,"python  ,  svn  ,  problem solving  ,  docker  ,  django  ,  git  ,  multithreading  ,  opencv              ",card_travel5 - 8 yrslocation_onNavi Mumbai,Posted few days ago,card_travel5 - 8 yrs,Navi Mumbai
    ATCS        ,"python  ,  svn  ,  problem solving  ,  docker  ,  django  ,  git  ,  multithreading  ,  opencv              ",card_travel2 - 4 yrslocation_onNavi Mumbai,Posted few days ago,card_travel2 - 4 yrs,Navi Mumbai
    Polaris Consulting & Services Ltd        ,"                scala  ,  bi  ,  docker  ,  java  ,  iam  ,  xml  ,  software engineer  ,  software engineering  ,  hadoop  ,  pl  /  sql  ,  python  ,  cloud services  ,  github  ,  javascript  ,  nosql  ,  node.js  ,  angularjs  ,  unix              ",card_travel0 - 3 yrslocation_onChennai,Posted 5 days ago,card_travel0 - 3 yrs,Chennai
    mobiloitte technologies        ,"                security compliance  ,  python  ,  html5  ,  mobile  ,  storage  ,  javascript  ,  security  ,  database  ,  web developer  ,  debugging              ",card_travel0 - 3 yrslocation_onDelhi,Posted few days ago,card_travel0 - 3 yrs,Delhi
    TandA HR Solutions        ,"                rest  ,  python  ,  html5  ,  team player  ,  javascript  ,  docker  ,  node.js  ,  django  ,  cloud storage  ,  json  ,  mongodb              ",card_travel2 - 7 yrslocation_onMumbai,Posted few days ago,card_travel2 - 7 yrs,Mumbai
    evertz        ,"                fundamentals  ,  algorithms  ,  tcpdump  ,  docker  ,  git  ,  postgresql  ,  network programming  ,  linux  ,  iptv  ,  software engineering  ,  data structures  ,  mysql  ,  satellite  ,  python  ,  team player  ,  svn              ",card_travel5 - 8 yrslocation_onBengaluru / Bangalore,Posted few days ago,card_travel5 - 8 yrs,Bengaluru / Bangalore
    IDP EDUCATION INDIA PVT LTD        ,"                json  ,  software engineering  ,  api  ,  rest  ,  python  ,  node.js  ,  gateway              ",card_travel3 - 6 yrslocation_onChennai,Posted few days ago,card_travel3 - 6 yrs,Chennai
    IDP EDUCATION INDIA PVT LTD        ,"                json  ,  software engineering  ,  api  ,  rest  ,  python  ,  node.js  ,  gateway              ",card_travel3 - 6 yrslocation_onChennai,Posted few days ago,card_travel3 - 6 yrs,Chennai
    IDP EDUCATION INDIA PVT LTD        ,"                json  ,  software engineering  ,  api  ,  rest  ,  python  ,  node.js  ,  gateway              ",card_travel3 - 6 yrslocation_onChennai,Posted few days ago,card_travel3 - 6 yrs,Chennai
    destiny hr group services        ,"                fundamentals  ,  python  ,  css  ,  javascript  ,  jquery  ,  database  ,  django  ,  java  ,  json  ,  html              ",card_travel0 - 1 yrslocation_onGurgaon,Posted few days ago,card_travel0 - 1 yrs,Gurgaon
    Codevian Technologies Pvt. Ltd.        ,"python  ,  css  ,  dml  ,  ddl  ,  javascript  ,  sql  ,  database  ,  written communication  ,  debugging  ,  html              ",card_travel1 - 4 yrslocation_onPune,Posted few days ago,card_travel1 - 4 yrs,Pune
    MODE FINSERVER PRIVATE LIMITED        ,"python  ,  webrtc  ,  html5  ,  javascript  ,  database  ,  django  ,  postgresql  ,  linux  ,  debugging  ,  sockets              ",card_travel2 - 5 yrslocation_onBengaluru / Bangalore,Posted few days ago,card_travel2 - 5 yrs,Bengaluru / Bangalore
    MODE FINSERVER PRIVATE LIMITED        ,"python  ,  css  ,  machine learning  ,  artificial intelligence  ,  javascript  ,  sql  ,  django  ,  html  ,  dash              ",card_travel7 - 10 yrslocation_onBengaluru / Bangalore,Posted few days ago,card_travel7 - 10 yrs,Bengaluru / Bangalore
    Polaris Consulting & Services Ltd        ,"                scala  ,  bi  ,  docker  ,  java  ,  iam  ,  xml  ,  software engineer  ,  software engineering  ,  hadoop  ,  pl  /  sql  ,  python  ,  cloud services  ,  github  ,  javascript  ,  nosql  ,  node.js  ,  angularjs  ,  unix              ",card_travel0 - 3 yrslocation_onChennai,Posted 6 days ago,card_travel0 - 3 yrs,Chennai
    mobiloitte technologies        ,"                html5  ,  ajax  ,  database  ,  xpath  ,  git  ,  postgresql  ,  xml  ,  json  ,  perl  ,  api  ,  mongodb  ,  python  ,  cloud services  ,  javascript  ,  ruby  ,  nosql  ,  django  ,  couchdb  ,  soap              ","card_travel2 - 5 yrslocation_onDelhi,  Delhi/NCR",Posted few days ago,card_travel2 - 5 yrs,"Delhi,  Delhi/NCR"
    QuEST Global Engineering Pvt Ltd        ,"python  ,  problem solving  ,  web based applications  ,  django  ,  mongodb              ",card_travel3 - 6 yrslocation_onThiruvananthapuram,Posted few days ago,card_travel3 - 6 yrs,Thiruvananthapuram
    Polaris Consulting & Services Ltd        ,"                scala  ,  bi  ,  docker  ,  java  ,  iam  ,  xml  ,  software engineer  ,  software engineering  ,  hadoop  ,  pl  /  sql  ,  python  ,  cloud services  ,  github  ,  javascript  ,  nosql  ,  node.js  ,  angularjs  ,  unix              ",card_travel0 - 3 yrslocation_onChennai,Posted few days ago,card_travel0 - 3 yrs,Chennai
    grawlix software private limited pune        ,"                rest  ,  python  ,  django  ,  html5  ,  api  ,  javascript  ,  sql database  ,  nosql              ",card_travel2 - 5 yrslocation_onPune,Posted few days ago,card_travel2 - 5 yrs,Pune
    QuEST Global Engineering Pvt Ltd        ,"                sql  ,  pattern recognition  ,  python  ,  ms access  ,  machine learning  ,  entry level              ",card_travel3 - 6 yrslocation_onBengaluru / Bangalore,Posted few days ago,card_travel3 - 6 yrs,Bengaluru / Bangalore
    ATCS        ,"                rest  ,  python  ,  django  ,  git  ,  multithreading  ,  svn  ,  problem solving  ,  sql              ",card_travel4 - 7 yrslocation_onNavi Mumbai,Posted few days ago,card_travel4 - 7 yrs,Navi Mumbai
    CANVERA TRADERS PRIVATE LIMITED        ,"python  ,  rdbms  ,  javascript  ,  sql  ,  spring  ,  spring boot  ,  django  ,  java              ",card_travel5 - 8 yrslocation_onBengaluru / Bangalore,Posted few days ago,card_travel5 - 8 yrs,Bengaluru / Bangalore
    GKM IT        ,"                microsoft technologies  ,  software design  ,  debugging  ,  business applications  ,  python  ,  project delivery  ,  management systems              ",card_travel5 - 8 yrslocation_onUdaipur,Posted few days ago,card_travel5 - 8 yrs,Udaipur
    KIWITECH        ,"                algorithms  ,  python  ,  css  ,  javascript  ,  jquery  ,  web programming  ,  oop  ,  django  ,  zope  ,  linux  ,  web development  ,  html  ,  data structures              ",card_travel3 - 6 yrslocation_onNoida/Greater Noida,Posted few days ago,card_travel3 - 6 yrs,Noida/Greater Noida
    PNR Software Solutions Private Limited        ,"python  ,  github  ,  telecom bss  ,  django  ,  devops  ,  linux  ,  debugging  ,  telecom  ,  api  ,  unix              ",card_travel3 - 6 yrslocation_onHyderabad/Secunderabad,Posted few days ago,card_travel3 - 6 yrs,Hyderabad/Secunderabad
    Doodleblue Innovations Pvt Ltd        ,"python  ,  database  ,  django  ,  git  ,  html5  ,  debugging  ,  javascript  ,  jquery              ",card_travel0 - 3 yrslocation_onChennai,Posted few days ago,card_travel0 - 3 yrs,Chennai
    WBC Software Lab        ,"python  ,  git  ,  rest api  ,  linux  ,  mobile  ,  mongodb  ,  docker              ",card_travel2 - 5 yrslocation_onChennai,Posted few days ago,card_travel2 - 5 yrs,Chennai
    NuageBiz.Tech        ,"python  ,  mobile  ,  team player  ,  svn  ,  security  ,  git  ,  software engineering              ",card_travel2 - 5 yrslocation_onNoida/Greater Noida,Posted few days ago,card_travel2 - 5 yrs,Noida/Greater Noida
    AxisTechnolabs        ,"python  ,  css  ,  user interaction  ,  bootstrap  ,  openerp  ,  database  ,  xml  ,  oops  ,  html              ",card_travel0 - 1 yrslocation_onAhmedabad,Posted few days ago,card_travel0 - 1 yrs,Ahmedabad
    APPLYCUP HIRING SOLUTIONS LLP        ,"                algorithms  ,  python  ,  django  ,  written communication  ,  data structures  ,  team player              ",card_travel8 - 11 yrslocation_onBengaluru / Bangalore,Posted few days ago,card_travel8 - 11 yrs,Bengaluru / Bangalore
    pegasus knowledge solutions india pvt ltd.        ,"python  ,  css  ,  django  ,  java  ,  html  ,  bootstrap  ,  api  ,  jquery  ,  sql              ",card_travel0 - 3 yrslocation_onBengaluru / Bangalore,Posted few days ago,card_travel0 - 3 yrs,Bengaluru / Bangalore
    Techasoft Pvt Ltd        ,"python  ,  javascript  ,  docker  ,  django  ,  postgresql  ,  oops  ,  mysql  ,  mongodb  ,  opencv              ",card_travel0 - 3 yrslocation_onBengaluru / Bangalore,Posted few days ago,card_travel0 - 3 yrs,Bengaluru / Bangalore
    Pace Wisdom Solutions Pvt Ltd.        ,"python  ,  mobile  ,  sql  ,  postgresql  ,  written communication  ,  infrastructure  ,  api  ,  technical skills              ",card_travel0 - 3 yrslocation_onBengaluru / Bangalore,Posted few days ago,card_travel0 - 3 yrs,Bengaluru / Bangalore
    gammastack indore        ,"python  ,  database  ,  django  ,  rest api  ,  oops  ,  machine learning  ,  artificial intelligence              ",card_travel0 - 3 yrslocation_onIndore,Posted few days ago,card_travel0 - 3 yrs,Indore
    knowledge lens        ,"python  ,  tornado  ,  artificial intelligence  ,  database  ,  devops  ,  linux  ,  mysql  ,  mongodb              ",card_travel1 - 4 yrslocation_onBengaluru / Bangalore,Posted few days ago,card_travel1 - 4 yrs,Bengaluru / Bangalore
    AxisTechnolabs        ,"python  ,  django  ,  html5  ,  team player  ,  angularjs  ,  javascript              ",card_travel1 - 4 yrslocation_onAhmedabad,Posted few days ago,card_travel1 - 4 yrs,Ahmedabad
    APPLYCUP HIRING SOLUTIONS LLP        ,"python  ,  django  ,  git  ,  postgresql  ,  web developer  ,  html  ,  mysql  ,  bootstrap  ,  javascript              ",card_travel2 - 5 yrslocation_onBengaluru / Bangalore,Posted few days ago,card_travel2 - 5 yrs,Bengaluru / Bangalore
    APPLYCUP HIRING SOLUTIONS LLP        ,"python  ,  tornado  ,  sql  ,  django  ,  git  ,  postgresql  ,  linux  ,  mysql  ,  software engineering              ",card_travel3 - 6 yrslocation_onHyderabad/Secunderabad,Posted few days ago,card_travel3 - 6 yrs,Hyderabad/Secunderabad
    JobsLo Consultants        ,"python  ,  oracle  ,  rdbms  ,  scala  ,  data warehousing  ,  team player  ,  git              ",card_travel7 - 12 yrslocation_onPune,Posted few days ago,card_travel7 - 12 yrs,Pune
    Fluper Limited        ,"                c#  ,  python  ,  virtual reality  ,  mobile  ,  augmented reality  ,  opencv              ",card_travel2 - 7 yrslocation_onNoida/Greater Noida,Posted few days ago,card_travel2 - 7 yrs,Noida/Greater Noida
    Ctd Techs Private Limited        ,"                html5  ,  storage  ,  artificial intelligence  ,  security  ,  testing tools  ,  debugging  ,  python  ,  javascript  ,  django              ","card_travel3 - 5 yrslocation_onChennai,  Bengaluru / Bangalore",Posted few days ago,card_travel3 - 5 yrs,"Chennai,  Bengaluru / Bangalore"
    QuEST Global Engineering Pvt Ltd        ,"python  ,  css  ,  oracle  ,  problem solving  ,  sql  ,  django  ,  postgresql  ,  web development  ,  html  ,  mysql  ,  dash              ",card_travel3 - 5 yrslocation_onBengaluru / Bangalore,Posted few days ago,card_travel3 - 5 yrs,Bengaluru / Bangalore
    3Embed Software Technologies        ,"python  ,  django  ,  rest api  ,  operating system  ,  mysql  ,  data structures  ,  hadoop  ,  mvc  ,  mongodb              ",card_travel1 - 3 yrslocation_onBengaluru / Bangalore,Posted few days ago,card_travel1 - 3 yrs,Bengaluru / Bangalore
    Infosys Technologies Ltd        ,"                algorithms  ,  information technology  ,  scala  ,  sql  ,  memory management  ,  unix shell scripting  ,  oops  ,  data structures  ,  software engineering  ,  hadoop  ,  big data  ,  global delivery  ,  python",card_travel4 - 7 yrslocation_on,Posted few days ago,card_travel4 - 7 yrs,
    TandA HR Solutions        ,"                rest  ,  python  ,  html5  ,  javascript  ,  docker  ,  node.js  ,  django  ,  json  ,  mongodb              ",card_travel2 - 7 yrslocation_onGurgaon,Posted few days ago,card_travel2 - 7 yrs,Gurgaon
    APPLYCUP HIRING SOLUTIONS LLP        ,"                rest  ,  python  ,  team player  ,  sql  ,  security  ,  database  ,  django  ,  web technologies  ,  php  ,  debugging  ,  html  ,  shell scripting  ,  soap              ",card_travel1 - 3 yrslocation_onNasik,Posted few days ago,card_travel1 - 3 yrs,Nasik
    SplendorNet Technologies Pvt. Ltd.        ,"python  ,  css  ,  django  ,  rest api  ,  web development  ,  html  ,  angularjs  ,  javascript  ,  jquery              ",card_travel0 - 3 yrslocation_onPune,Posted few days ago,card_travel0 - 3 yrs,Pune
    APPLYCUP HIRING SOLUTIONS LLP        ,"python  ,  nosql  ,  xpath  ,  database  ,  django  ,  postgresql  ,  xml  ,  json  ,  perl  ,  mongodb  ,  couchdb              ",card_travel5 - 8 yrslocation_onAhmedabad,Posted few days ago,card_travel5 - 8 yrs,Ahmedabad
    magnarus technologies private limited        ,"                image processing  ,  python  ,  c  ,  c   programming  ,  operating system  ,  team player  ,  database  ,  mysql  ,  unix              ",card_travel1 - 3 yrslocation_onHyderabad/Secunderabad,Posted few days ago,card_travel1 - 3 yrs,Hyderabad/Secunderabad
    Vibrant Info        ,"                rest  ,  security compliance  ,  python  ,  svn  ,  problem solving  ,  database  ,  django  ,  git  ,  linux  ,  mysql              ",card_travel3 - 6 yrslocation_onAhmedabad,Posted few days ago,card_travel3 - 6 yrs,Ahmedabad
    GEMINI SOFTWARE SOLUTIONS        ,"                algorithms  ,  database  ,  senior software developer  ,  shell scripting  ,  object oriented programming  ,  python  ,  team player  ,  machine learning  ,  django  ,  unix  /  linux              ",card_travel3 - 6 yrslocation_onGurgaon,Posted few days ago,card_travel3 - 6 yrs,Gurgaon
    GenieTalk        ,"                html5  ,  storage  ,  security  ,  database  ,  git  ,  debugging  ,  mysql  ,  mongodb  ,  python  ,  cloud services  ,  mobile  ,  svn  ,  javascript  ,  django  ,  angularjs              ",card_travel0 - 3 yrslocation_onIndore,Posted few days ago,card_travel0 - 3 yrs,Indore
    TECHNOFIST        ,"                image processing  ,  python  ,  jsp  ,  data mining  ,  jdbc  ,  hibernate  ,  machine learning  ,  artificial intelligence  ,  spring  ,  database management  ,  java  ,  struts  ,  cloud computing              ",card_travel0 - 1 yrslocation_onBengaluru / Bangalore,Posted few days ago,card_travel0 - 1 yrs,Bengaluru / Bangalore
    v support solutions        ,"                rest  ,  python  ,  natural language processing  ,  django  ,  debugging  ,  mysql  ,  software developer  ,  mongodb  ,  soap              ",card_travel2 - 5 yrslocation_onChennai,Posted few days ago,card_travel2 - 5 yrs,Chennai
    Blocklogy Edutech Private limited        ,"python  ,  c    ,  c  ,  natural language processing  ,  scala  ,  data mining  ,  machine learning  ,  artificial intelligence  ,  pattern recognition              ",card_travel1 - 3 yrslocation_onNavi Mumbai,Posted few days ago,card_travel1 - 3 yrs,Navi Mumbai
    ceredox technologies        ,"                fundamentals  ,  algorithms  ,  python  ,  rest api  ,  information retrieval  ,  docker  ,  react.js  ,  django  ,  git  ,  json  ,  data structures              ",card_travel2 - 5 yrslocation_onHyderabad/Secunderabad,Posted few days ago,card_travel2 - 5 yrs,Hyderabad/Secunderabad
    botree technologies        ,"                security compliance  ,  python  ,  html5  ,  svn  ,  javascript  ,  database  ,  django  ,  git  ,  web developer  ,  debugging              ",card_travel3 - 6 yrslocation_onAhmedabad,Posted few days ago,card_travel3 - 6 yrs,Ahmedabad
    CAP Digisoft Solutions Inc.        ,"python  ,  css  ,  html5  ,  sql  ,  nosql  ,  web tools  ,  xml  ,  infrastructure  ,  json              ",card_travel2 - 5 yrslocation_onCoimbatore,Posted few days ago,card_travel2 - 5 yrs,Coimbatore
    QuEST Global Engineering Pvt Ltd        ,"                docker  ,  debugging  ,  api  ,  python  ,  cloud services  ,  tornado  ,  problem solving  ,  django  ,  sql database              ",card_travel5 - 8 yrslocation_onBengaluru / Bangalore,Posted few days ago,card_travel5 - 8 yrs,Bengaluru / Bangalore
    vConstruct Pvt Ltd        ,"                html5  ,  security  ,  testing tools  ,  debugging  ,  python  ,  problem solving  ,  javascript  ,  django  ,  project delivery              ",card_travel1 - 3 yrslocation_onPune,Posted few days ago,card_travel1 - 3 yrs,Pune
    IBS  ( INFINITIVE BUSINESS SOLUTION )        ,"                service oriented  ,  c    ,  dbms  ,  sql  ,  security  ,  java  ,  xml  ,  devops  ,  html  ,  rest  ,  python  ,  c  ,  oracle  ,  javascript  ,  infrastructure  ,  soap              ",card_travel0 - 3 yrslocation_on,Posted few days ago,card_travel0 - 3 yrs,
    AGILE Infoways Pvt. Ltd.        ,"python  ,  database  ,  django  ,  git  ,  html5  ,  mysql  ,  mvc  ,  machine learning  ,  javascript              ",card_travel1 - 2 yrslocation_onAhmedabad,Posted few days ago,card_travel1 - 2 yrs,Ahmedabad
    APPLYCUP HIRING SOLUTIONS LLP        ,"                security compliance  ,  python  ,  html5  ,  mobile  ,  svn  ,  javascript  ,  database  ,  django  ,  git  ,  debugging              ",card_travel5 - 10 yrslocation_onPune,Posted few days ago,card_travel5 - 10 yrs,Pune
    APPLYCUP HIRING SOLUTIONS LLP        ,"python  ,  html5  ,  svn  ,  storage  ,  javascript  ,  database  ,  django  ,  git  ,  debugging  ,  api              ",card_travel2 - 6 yrslocation_onAhmedabad,Posted few days ago,card_travel2 - 6 yrs,Ahmedabad
    Veeva Systems        ,"                css  ,  database  ,  postgresql  ,  debugging  ,  html  ,  mysql  ,  rest  ,  san  ,  python  ,  javascript  ,  django  ,  forms              ",card_travel3 - 6 yrslocation_on,Posted few days ago,card_travel3 - 6 yrs,
    Maximus Human Resources Pvt Ltd.        ,"python  ,  github  ,  mobile  ,  postgresql  ,  oops  ,  debugging  ,  data structures  ,  mysql  ,  website development  ,  api              ",card_travel2 - 3 yrslocation_onBengaluru / Bangalore,Posted few days ago,card_travel2 - 3 yrs,Bengaluru / Bangalore
    Veeva Systems        ,"                css  ,  database  ,  postgresql  ,  debugging  ,  html  ,  mysql  ,  rest  ,  san  ,  python  ,  javascript  ,  django  ,  forms              ",card_travel3 - 6 yrslocation_onSpain,Posted few days ago,card_travel3 - 6 yrs,Spain
    geekyworks        ,"                html5  ,  bootstrap  ,  ajax  ,  git  ,  apache  ,  xml  ,  debugging  ,  mysql  ,  api  ,  rest  ,  python  ,  nosql  ,  django              ",card_travel2 - 3 yrslocation_onPune,Posted few days ago,card_travel2 - 3 yrs,Pune
    online productivity solutions pvt. ltd.        ,"                rest  ,  python  ,  rdbms  ,  problem solving  ,  visual source safe  ,  web based applications  ,  django  ,  git  ,  web development              ",card_travel0 - 3 yrslocation_onPanjim/Panaji,Posted few days ago,card_travel0 - 3 yrs,Panjim/Panaji
    Infosys Technologies Ltd        ,"                websphere  ,  global delivery  ,  python  ,  machine learning  ,  production support  ,  django  ,  project life cycle  ,  object oriented programming              ",card_travel1 - 4 yrslocation_on,Posted few days ago,card_travel1 - 4 yrs,
    ADROIT LEARNING AND MANPOWER PVT LTD        ,"                rest api  ,  sql  ,  database  ,  security  ,  devops  ,  rest  ,  python  ,  tornado  ,  javascript  ,  django  ,  infrastructure              ",card_travel0 - 5 yrslocation_onAhmedabad,Posted few days ago,card_travel0 - 5 yrs,Ahmedabad
    aspirebit technolab pvt ltd        ,"                security compliance  ,  python  ,  html5  ,  mobile  ,  svn  ,  storage  ,  javascript  ,  security  ,  database  ,  django  ,  git  ,  debugging              ",card_travel0 - 3 yrslocation_onSurat,Posted few days ago,card_travel0 - 3 yrs,Surat
    novigo solutions pvt ltd        ,"                fundamentals  ,  python  ,  sql  ,  system analysis  ,  database  ,  xml  ,  json  ,  software engineer  ,  api  ,  soap              ","card_travel3 - 6 yrslocation_onMangalore,  Bengaluru / Bangalore",Posted few days ago,card_travel3 - 6 yrs,"Mangalore,  Bengaluru / Bangalore"
    spark eighteen        ,"                security compliance  ,  html5  ,  storage  ,  security  ,  database  ,  debugging  ,  rest  ,  python  ,  mobile  ,  problem solving  ,  javascript  ,  django  ,  infrastructure              ","card_travel0 - 3 yrslocation_onDelhi,  Delhi/NCR",Posted few days ago,card_travel0 - 3 yrs,"Delhi,  Delhi/NCR"
    Comake IT software Pvt Ltd        ,"python  ,  tornado  ,  rest api  ,  docker  ,  sql  ,  django  ,  git  ,  postgresql  ,  linux  ,  json  ,  mysql  ,                ",card_travel3 - 6 yrslocation_onHyderabad/Secunderabad,Posted few days ago,card_travel3 - 6 yrs,Hyderabad/Secunderabad
    Virtualware Innovations        ,"python  ,  html5  ,  javascript  ,  sql  ,  nosql  ,  docker  ,  django  ,  git  ,  debugging  ,  mysql  ,  api  ,  mongodb              ","card_travel0 - 3 yrslocation_onHyderabad/Secunderabad,  Pune,  Bengaluru / Bangalore",Posted few days ago,card_travel0 - 3 yrs,"Hyderabad/Secunderabad,  Pune,  Bengaluru / Bangalore"
    APPLYCUP HIRING SOLUTIONS LLP        ,"                algorithms  ,  python  ,  css  ,  javascript  ,  jquery  ,  web programming  ,  django  ,  zope  ,  oops  ,  web development  ,  html  ,  data structures              ",card_travel1 - 3 yrslocation_onNoida/Greater Noida,Posted few days ago,card_travel1 - 3 yrs,Noida/Greater Noida
    APPLYCUP HIRING SOLUTIONS LLP        ,"                security compliance  ,  python  ,  html5  ,  mobile  ,  storage  ,  javascript  ,  security  ,  database  ,  web developer  ,  debugging              ",card_travel4 - 6 yrslocation_onBengaluru / Bangalore,Posted few days ago,card_travel4 - 6 yrs,Bengaluru / Bangalore
    CoreStack        ,"                artificial intelligence  ,  security  ,  cloud computing  ,  python  ,  nextgen  ,  microsoft azure  ,  machine learning  ,  nist              ",card_travel2 - 4 yrslocation_onChennai,Posted few days ago,card_travel2 - 4 yrs,Chennai
    Minivet System        ,"python  ,  nosql  ,  django  ,  postgresql  ,  multithreading  ,  mysql  ,  technical skills  ,  mongodb  ,  couchdb  ,  middleware              ",card_travel1 - 4 yrslocation_onKolkata,Posted few days ago,card_travel1 - 4 yrs,Kolkata
    Sara Technologies        ,"                algorithms  ,  python  ,  cache  ,  css  ,  mobile  ,  storage  ,  javascript  ,  jquery  ,  security  ,  django  ,  html  ,  middleware              ",card_travel2 - 5 yrslocation_on,Posted few days ago,card_travel2 - 5 yrs,
    APPLYCUP HIRING SOLUTIONS LLP        ,"                rest  ,  python  ,  cloud services  ,  django  ,  xml  ,  brio  ,  json  ,  web development  ,  mysql  ,  soap              ",card_travel2 - 5 yrslocation_onHyderabad/Secunderabad,Posted few days ago,card_travel2 - 5 yrs,Hyderabad/Secunderabad
    APPLYCUP HIRING SOLUTIONS LLP        ,"python  ,  svn  ,  team player  ,  database  ,  django  ,  git  ,  infrastructure  ,  linux  ,  debugging  ,  hadoop              ",card_travel3 - 5 yrslocation_onPune,Posted few days ago,card_travel3 - 5 yrs,Pune
    APPLYCUP HIRING SOLUTIONS LLP        ,"python  ,  css  ,  html5  ,  javascript  ,  database  ,  django  ,  protocol testing  ,  postgresql  ,  system development  ,  html  ,  mysql  ,  api  ,  mongodb              ",card_travel1 - 3 yrslocation_onIndore,Posted few days ago,card_travel1 - 3 yrs,Indore
    APPLYCUP HIRING SOLUTIONS LLP        ,"                security compliance  ,  html5  ,  storage  ,  telecommunication  ,  security  ,  database  ,  git  ,  debugging  ,  python  ,  mobile  ,  svn  ,  javascript  ,  django              ",card_travel3 - 8 yrslocation_onSurat,Posted few days ago,card_travel3 - 8 yrs,Surat
    APPLYCUP HIRING SOLUTIONS LLP        ,"                websphere  ,  c    ,  socket programming  ,  sql  ,  apache  ,  xml  ,  linux  ,  json  ,  debugging  ,  python  ,  tornado  ,  c  ,  problem solving  ,  django              ",card_travel7 - 9 yrslocation_onPune,Posted few days ago,card_travel7 - 9 yrs,Pune
    APPLYCUP HIRING SOLUTIONS LLP        ,"                oop  ,  database  ,  git  ,  debugging  ,  data structures  ,  api  ,  mvc  ,  technical skills  ,  mongodb  ,  python  ,  nosql  ,  django  ,  gateway              ",card_travel8 - 10 yrslocation_onIndore,Posted few days ago,card_travel8 - 10 yrs,Indore
    JobsLo Consultants        ,"                security compliance  ,  python  ,  html5  ,  mobile  ,  svn  ,  storage  ,  javascript  ,  security  ,  database  ,  django  ,  git  ,  debugging              ",card_travel2 - 5 yrslocation_onBengaluru / Bangalore,Posted few days ago,card_travel2 - 5 yrs,Bengaluru / Bangalore
    CONNECTING 2 WORK        ,"python  ,  css  ,  github  ,  hosting  ,  bug fixing  ,  bootstrap  ,  javascript  ,  jquery  ,  django  ,  heroku  ,  json  ,  html  ,  api              ",card_travel5 - 8 yrslocation_onBengaluru / Bangalore,Posted few days ago,card_travel5 - 8 yrs,Bengaluru / Bangalore
    CONNECTING 2 WORK        ,"python  ,  css  ,  github  ,  hosting  ,  bug fixing  ,  bootstrap  ,  javascript  ,  jquery  ,  django  ,  heroku  ,  json  ,  html  ,  api              ",card_travel5 - 8 yrslocation_onBengaluru / Bangalore,Posted few days ago,card_travel5 - 8 yrs,Bengaluru / Bangalore
    CONNECTING 2 WORK        ,"python  ,  css  ,  bug fixing  ,  bootstrap  ,  javascript  ,  jquery  ,  django  ,  debugging  ,  html  ,  api              ",card_travel5 - 6 yrslocation_onThiruvananthapuram,Posted few days ago,card_travel5 - 6 yrs,Thiruvananthapuram
    CONNECTING 2 WORK        ,"python  ,  storage  ,  sql  ,  security  ,  database  ,  django  ,  git  ,  postgresql  ,  oops  ,  debugging  ,  mysql  ,  api              ",card_travel2 - 5 yrslocation_onCochin/ Kochi/ Ernakulam,Posted few days ago,card_travel2 - 5 yrs,Cochin/ Kochi/ Ernakulam
    Root Info Solutions        ,"                rest  ,  python  ,  css  ,  rest api  ,  javascript  ,  oop  ,  django  ,  postgresql  ,  html  ,  mysql              ","card_travel2 - 5 yrslocation_onDelhi,  Delhi/NCR",Posted few days ago,card_travel2 - 5 yrs,"Delhi,  Delhi/NCR"
    Gemini Solutions        ,"                algorithms  ,  database  ,  senior software developer  ,  shell scripting  ,  object oriented programming  ,  python  ,  team player  ,  machine learning  ,  django  ,  unix  /  linux              ",card_travel3 - 6 yrslocation_onGurgaon,Posted few days ago,card_travel3 - 6 yrs,Gurgaon
    Infosys Technologies Ltd        ,"                information technology  ,  hibernate  ,  spring  ,  java  ,  project life cycle  ,  global delivery  ,  python  ,  production support  ,  j2ee technologies              ",card_travel4 - 7 yrslocation_onCanada,Posted few days ago,card_travel4 - 7 yrs,Canada
    APPLYCUP HIRING SOLUTIONS LLP        ,"                html5  ,  ajax  ,  database  ,  xpath  ,  git  ,  postgresql  ,  xml  ,  json  ,  perl  ,  api  ,  mongodb  ,  python  ,  cloud services  ,  javascript  ,  ruby  ,  nosql  ,  django  ,  couchdb  ,  soap              ","card_travel2 - 6 yrslocation_onDelhi,  Delhi/NCR",Posted few days ago,card_travel2 - 6 yrs,"Delhi,  Delhi/NCR"
    Nustar Technologies private limited     (More Jobs) ,"Python  ,  Django  ,  JavaScript  ,   HTML5              ","card_travel5 - 10 yrslocation_onDelhi,  Delhi/NCR,  Kolkata,  Bhubaneshwar",Posted a month ago,card_travel5 - 10 yrs,"Delhi,  Delhi/NCR,  Kolkata,  Bhubaneshwar"
    KTree Computer Solutions India  ( P )  Ltd        ,"                css  ,  sql  ,  git  ,  xml  ,  mysql  ,  html  ,  rest  ,  python  ,  perl scripting  ,  mobile  ,  openerp  ,  javascript  ,  django  ,  unix  /  linux  ,  software developer  ,  soap              ",card_travel10 - 13 yrslocation_onHyderabad/Secunderabad,Posted few days ago,card_travel10 - 13 yrs,Hyderabad/Secunderabad
    smartSense Consulting Solutions        ,"                rest  ,  python  ,  javascript  ,  nosql  ,  database  ,  django  ,  git  ,  postgresql  ,  software engineering  ,  mysql  ,  shell scripting  ,  unix  /  linux  ,  mongodb  ,  middleware              ",card_travel1 - 4 yrslocation_onGandhinagar,Posted few days ago,card_travel1 - 4 yrs,Gandhinagar
    GDB Technologies pvt. Ltd. Pune        ,"                rest  ,  python  ,  c    ,  tornado  ,  c  ,  machine learning  ,  javascript  ,  nosql  ,  docker  ,  django  ,  git  ,  java  ,  postgresql  ,  web technologies  ,  mysql  ,  big data  ,  mongodb              ",card_travel3 - 7 yrslocation_onPune,Posted few days ago,card_travel3 - 7 yrs,Pune
    Excel Ptp        ,"                jquery  ,  sql  ,  git  ,  oops  ,  json  ,  mysql  ,  object oriented programming  ,  mongodb  ,  middleware  ,  rest  ,  python  ,  svn  ,  machine learning  ,  django              ",card_travel1 - 4 yrslocation_onAhmedabad,Posted few days ago,card_travel1 - 4 yrs,Ahmedabad
    Inlogic Technologies Pvt Ltd        ,"                hive  ,  algorithms  ,  bi  ,  sharepoint  ,  pig  ,  database management  ,  database  ,  postgresql  ,  mysql  ,  hadoop  ,  big data  ,  mongodb  ,  crm  ,  python  ,  sas  ,  javascript  ,  cassandra  ,  infrastructure              ",card_travel1 - 4 yrslocation_onChennai,Posted few days ago,card_travel1 - 4 yrs,Chennai
    Virtualware Innovations        ,"                arcgis  ,  docker  ,  sql  ,  database  ,  java  ,  git  ,  postgresql  ,  devops  ,  linux  ,  software engineering  ,  rest  ,  python  ,  svn  ,  nosql  ,  django  ,  management systems              ",card_travel0 - 3 yrslocation_onHyderabad/Secunderabad,Posted few days ago,card_travel0 - 3 yrs,Hyderabad/Secunderabad
    sacumen        ,"                html5  ,  sql  ,  docker  ,  elastic search  ,  security  ,  database  ,  git  ,  devops  ,  linux  ,  debugging  ,  rest  ,  python  ,  github  ,  os  ,  machine learning  ,  javascript  ,  django              ",card_travel6 - 8 yrslocation_onBengaluru / Bangalore,Posted few days ago,card_travel6 - 8 yrs,Bengaluru / Bangalore
    sacumen        ,"                html5  ,  sql  ,  docker  ,  elastic search  ,  security  ,  database  ,  git  ,  devops  ,  linux  ,  debugging  ,  rest  ,  python  ,  github  ,  os  ,  machine learning  ,  javascript  ,  django              ",card_travel6 - 8 yrslocation_onBengaluru / Bangalore,Posted few days ago,card_travel6 - 8 yrs,Bengaluru / Bangalore
    infoanalytica consulting pvt ltd        ,"                fundamentals  ,  python  ,  data mining  ,  machine learning  ,  javascript  ,  sql  ,  business objects  ,  xml  ,  mysql  ,  software engineer  ,  object oriented programming              ",card_travel3 - 5 yrslocation_onAhmedabad,Posted few days ago,card_travel3 - 5 yrs,Ahmedabad
    APPLYCUP HIRING SOLUTIONS LLP        ,"                websphere  ,  css  ,  socket programming  ,  sql  ,  apache  ,  xml  ,  linux  ,  json  ,  debugging  ,  html  ,  python  ,  tornado  ,  problem solving  ,  javascript  ,  django              ",card_travel7 - 10 yrslocation_onPune,Posted few days ago,card_travel7 - 10 yrs,Pune
    Anantha Cyber Tech Pvt Limited        ,"                rest  ,  python  ,  cloud services  ,  information technology  ,  svn  ,  javascript  ,  jquery  ,  django  ,  git  ,  apache  ,  debugging  ,  json  ,  html  ,  mysql  ,  mongodb              ",card_travel6 - 8 yrslocation_onHyderabad/Secunderabad,Posted few days ago,card_travel6 - 8 yrs,Hyderabad/Secunderabad
    Infosys Technologies Ltd        ,"                information technology  ,  technology analyst  ,  hibernate  ,  spring  ,  java  ,  project life cycle  ,  object oriented programming  ,  global delivery  ,  python  ,  production support  ,  j2ee technologies              ",card_travel2 - 5 yrslocation_on,Posted few days ago,card_travel2 - 5 yrs,
    Polaris Consulting & Services Ltd        ,"                JCR replication  ,   developing AEM Site  ,   publishing  ,   configuringJCR replication  ,   developing AEM Site  ,   publishing  ,   configuring              ",card_travel0 - 3 yrslocation_onChennai,Posted 1 day ago,card_travel0 - 3 yrs,Chennai
    vecrear technologies pvt. ltd.        ,"                sql  ,  docker  ,  react.js  ,  git  ,  linux  ,  json  ,  api  ,  rest  ,  ubuntu  ,  operating system  ,  svn  ,  triggers              ",card_travel4 - 6 yrslocation_onBengaluru / Bangalore,Posted 1 day ago,card_travel4 - 6 yrs,Bengaluru / Bangalore
    Infosys Technologies Ltd        ,"                algorithms  ,  information technology  ,  scala  ,  technology analyst  ,  sql  ,  memory management  ,  unix shell scripting  ,  oops  ,  data structures  ,  software engineering  ,  hadoop  ,  big data  ,  global delivery  ,  python",card_travel2 - 5 yrslocation_on,Posted few days ago,card_travel2 - 5 yrs,
    inflexi technologies pvt ltd        ,"                algorithms  ,  python  ,  css  ,  natural language processing  ,  problem solving  ,  team player  ,  machine learning  ,  ajax  ,  javascript  ,  jquery  ,  database  ,  postgresql  ,  xml  ,  message queue  ,  debugging  ,  data structures  ,  mysql  ,  html  ,  api              ",card_travel0 - 2 yrslocation_onAustralia,Posted few days ago,card_travel0 - 2 yrs,Australia
    Mithra Jobs Pvt Ltd     (More Jobs) ,"                Expertise In Core Python.  ,  Good grasp of Web Frameworks.  ,  Design Skills  ,  Understand Multi-Process Architecture  ,  CSS  ,   HTML and JavaScript. ..              ","card_travel2 - 5 yrs₹Rs 3.00 - 4.00 Lacs p.a.location_onCoimbatore,  Cuddalore,  Erode,  Madurai,  Salem",Posted few days ago,card_travel2 - 5 yrs,"Coimbatore,  Cuddalore,  Erode,  Madurai,  Salem"
    electronikmedia kochi        ,"                security compliance  ,  soa  ,  html5  ,  docker  ,  d3.js  ,  api  ,  mongodb  ,  python  ,  microsoft azure  ,  javascript  ,  nosql  ,  node.js  ,  django  ,  php  ,  ioc  ,  angularjs              ",card_travel2 - 5 yrslocation_onCochin/ Kochi/ Ernakulam,Posted few days ago,card_travel2 - 5 yrs,Cochin/ Kochi/ Ernakulam
    ion trading india pvt. ltd.        ,"                rest api  ,  docker  ,  sql  ,  oop  ,  java  ,  software engineering  ,  multithreading  ,  hadoop  ,  big data  ,  mongodb  ,  rest  ,  python  ,  tornado  ,  machine learning  ,  javascript  ,  messaging  ,  django              ",card_travel8 - 11 yrslocation_on,Posted few days ago,card_travel8 - 11 yrs,
    wissen technology        ,"                security compliance  ,  html5  ,  storage  ,  artificial intelligence  ,  security  ,  database  ,  git  ,  devops  ,  technology consulting  ,  debugging  ,  telecom  ,  big data  ,  python  ,  mobile  ,  svn  ,  machine learning  ,  javascript  ,  django  ,  infrastructure              ",card_travel5 - 8 yrslocation_onBengaluru / Bangalore,Posted few days ago,card_travel5 - 8 yrs,Bengaluru / Bangalore
    glan management consultancy pvt. ltd.        ,"                sql queries  ,  agile  ,  jira              ",card_travel3 - 6 yrslocation_onBengaluru / Bangalore,Posted 4 days ago,card_travel3 - 6 yrs,Bengaluru / Bangalore
    glan management consultancy pvt. ltd.        ,"                css  ,  html5  ,  bootstrap  ,  jquery  ,  sql  ,  docker  ,  security  ,  database  ,  xml  ,  debugging  ,  database handling  ,  mongodb  ,  c#  ,  rest  ,  python  ,  vb  ,  javascript  ,  django  ,  oracle 11g  ,  database programming  ,  written communication  ,  .net  ,  soap  ,  sql database              ",card_travel3 - 8 yrslocation_onGurgaon,Posted few days ago,card_travel3 - 8 yrs,Gurgaon
    glan management consultancy pvt. ltd.        ,"                css  ,  html5  ,  bootstrap  ,  vb.net  ,  jquery  ,  sql  ,  docker  ,  security  ,  database  ,  xml  ,  debugging  ,  database handling  ,  mongodb  ,  c#  ,  rest  ,  python  ,  vb  ,  javascript  ,  django  ,  oracle 11g  ,  database programming  ,  written communication  ,  .net  ,  soap  ,  sql database              ",card_travel3 - 8 yrslocation_onGurgaon,Posted few days ago,card_travel3 - 8 yrs,Gurgaon
    Electrobrain modern technologies pvt ltd     (More Jobs) ,"                Programmer  ,  software engineer  ,  junior software engineer  ,  software developer  ,  senior software engineer  ,  technical consultant  ,  consultant  ,  senior associate consultant              ","card_travel2 - 7 yrs₹Rs 4.30 - 9.70 Lacs p.a.location_onDelhi,  Delhi/NCR,  Gurgaon,  Noida/Greater Noida,  Chandigarh",Posted few days ago,card_travel2 - 7 yrs,"Delhi,  Delhi/NCR,  Gurgaon,  Noida/Greater Noida,  Chandigarh"
    alliance recruitment agency        ,"                data quality  ,  java  ,  data transformation  ,  data integration              ",card_travel6 - 8 yrslocation_onThiruvananthapuram,Posted few days ago,card_travel6 - 8 yrs,Thiruvananthapuram
    CoreStack        ,"                software development  ,  coding  ,  design patterns  ,  openstack              ",card_travel7 - 10 yrslocation_onChennai,Posted few days ago,card_travel7 - 10 yrs,Chennai
    Morgan Stanley Pvt Ltd        ,"                fundamentals  ,  docker  ,  security  ,  devops  ,  linux  ,  python  ,  os  ,  neo4j  ,  infrastructure  ,  forms              ",card_travel5 - 12 yrslocation_on,Posted a month ago,card_travel5 - 12 yrs,
    Cambium Networks        ,"                automation framework  ,  authoring  ,  test cases  ,  emulators  ,  pmp  ,  protocol testing  ,  linux  ,  jenkins  ,  jira  ,  testing  ,  sdet  ,  infrastructure  ,  ixia  ,  web technologies              ",card_travel8 - 11 yrslocation_onBengaluru / Bangalore,Posted few days ago,card_travel8 - 11 yrs,Bengaluru / Bangalore
    CONNECTING 2 WORK        ,"                ux  ,  ux designer  ,  photoshop  ,  designing  ,  illustrator              ",card_travel0 - 3 yrslocation_onCochin/ Kochi/ Ernakulam,Posted few days ago,card_travel0 - 3 yrs,Cochin/ Kochi/ Ernakulam
    Electrobrain modern technologies pvt ltd     (More Jobs) ,"                Data Science  ,  Python  ,  Matplotlib  ,  GIT  ,  Numpy  ,  Pandas  ,  AWS              ","card_travel2 - 7 yrs₹Rs 5.20 - 10.50 Lacs p.a.location_onSrikakulam,  Tirupati,  Vijayawada,  Visakhapatnam,  Warangal",Posted a month ago,card_travel2 - 7 yrs,"Srikakulam,  Tirupati,  Vijayawada,  Visakhapatnam,  Warangal"
    Electrobrain modern technologies pvt ltd     (More Jobs) ,"                Data Science  ,  Python  ,  Matplotlib  ,  GIT  ,  Numpy  ,  Pandas  ,  AWS              ","card_travel2 - 7 yrs₹Rs 5.20 - 10.50 Lacs p.a.location_onBongaigaon,  Guwahati,  Jorhat,  Silchar,  Tezpur",Posted a month ago,card_travel2 - 7 yrs,"Bongaigaon,  Guwahati,  Jorhat,  Silchar,  Tezpur"
    Tadvid Info Technologies     (More Jobs) ,Python Scripting              ,card_travel1 - 4 yrs₹Rs 2.00 - 6.00 Lacs p.a.location_onAhmedabad,Posted few days ago,card_travel1 - 4 yrs,Ahmedabad
    Next Step Associates     (More Jobs) ,"                Django  ,  Python",card_travel1 - 6 yrs₹Rs 1.00 - 15.00 Lacs p.a.location_onAhmedabad,"Work from Home 		    	",card_travel1 - 6 yrs,Ahmedabad
    LARSEN & TOUBRO INFOTECH LIMITED     (More Jobs) ,"                Java  ,  Python  ,  Spring  ,  Hibernate  ,  REST APIs              ","card_travel8 - 12 yrslocation_onHyderabad/Secunderabad,  Kolkata",Posted a month ago,card_travel8 - 12 yrs,"Hyderabad/Secunderabad,  Kolkata"
    LARSEN & TOUBRO INFOTECH LIMITED     (More Jobs) ,"                Java  ,  Python  ,  Spring  ,  Hibernate  ,  REST APIs              ","card_travel8 - 12 yrslocation_onBengaluru / Bangalore,  Chennai,  Mumbai,  Pune,  Coimbatore",Posted a month ago,card_travel8 - 12 yrs,"Bengaluru / Bangalore,  Chennai,  Mumbai,  Pune,  Coimbatore"
    LARSEN & TOUBRO INFOTECH LIMITED     (More Jobs) ,"                AWS  ,  S3  ,  Glue  ,  Python","card_travel3 - 8 yrslocation_onBengaluru / Bangalore,  Chennai,  Hyderabad/Secunderabad,  Mumbai,  Pune",Posted few days ago,card_travel3 - 8 yrs,"Bengaluru / Bangalore,  Chennai,  Hyderabad/Secunderabad,  Mumbai,  Pune"
    Electrobrain modern technologies pvt ltd     (More Jobs) ,"                Data Science  ,  GIT  ,  AWS  ,  NPandasumpy  ,  Python  ,  Matplotlib              ","card_travel3 - 8 yrs₹Rs 6.50 - 12.00 Lacs p.a.location_onVisakhapatnam,  Nagpur,  Navi Mumbai",Posted a month ago,card_travel3 - 8 yrs,"Visakhapatnam,  Nagpur,  Navi Mumbai"
    Electrobrain modern technologies pvt ltd     (More Jobs) ,"                Data Science  ,  Python  ,  Matplotlib  ,  GIT  ,  Pandas  ,  AWS  ,  Numpy              ","card_travel2 - 7 yrs₹Rs 5.50 - 9.00 Lacs p.a.location_onAllahabad,  Ghaziabad,  Kanpur,  Lucknow,  Mathura",Posted a month ago,card_travel2 - 7 yrs,"Allahabad,  Ghaziabad,  Kanpur,  Lucknow,  Mathura"
    Sai Management Consultancy     (More Jobs) ,"Python  ,  API designs  ,  HTTP  ,  REST  ,  frameworks   ,  AWS   ,  ECS  ,  SNS  ,  S3  ,  RDS  ,  JavaScript   ,  AngularJS   ,  developer  ,  Ahmedabad  ,  software  ,  web developer  ,  writing code  ,  automating test  ,  IT              ",card_travel3 - 8 yrslocation_onAhmedabad,Posted a month ago,card_travel3 - 8 yrs,Ahmedabad
    Vtekis Consulting LLP     (More Jobs) ,"                web framework Django  ,   Django Rest Framework   ,  Python  ,   &  JS ON API development  ,  Rabbit MQ  ,  Datapower              ","card_travel0 - 1 yrs₹Rs 8.00 - 9.00 Lacs p.a.location_onAhmedabad,  Bengaluru / Bangalore,  Hyderabad/Secunderabad,  Mumbai,  Noida/Greater Noida",Posted a month ago,card_travel0 - 1 yrs,"Ahmedabad,  Bengaluru / Bangalore,  Hyderabad/Secunderabad,  Mumbai,  Noida/Greater Noida"
    Ossisto Technologies        ,"                rest  ,  python  ,  javascript  ,  jquery  ,  nosql  ,  react.js  ,  database  ,  node.js  ,  security  ,  django  ,  git  ,  devops  ,  api  ,  mongodb              ",card_travel5 - 8 yrslocation_onBengaluru / Bangalore,Posted few days ago,card_travel5 - 8 yrs,Bengaluru / Bangalore
    Blue Stone consultancy     (More Jobs) ,python,card_travel4 - 9 yrslocation_onHyderabad/Secunderabad,Posted few days ago,card_travel4 - 9 yrs,Hyderabad/Secunderabad
    3RI Technologies Pvt Ltd        ,"python  ,  security  ,  django              ",card_travel0 - 3 yrslocation_onPune,Posted 3 days ago,card_travel0 - 3 yrs,Pune
    Maxgen Technologies     (More Jobs) ,                core python,"card_travel0 - 1 yrslocation_onAhmedabad,  Bhavnagar,  Gandhinagar,  Jamnagar,  Mehsana",Posted few days ago,card_travel0 - 1 yrs,"Ahmedabad,  Bhavnagar,  Gandhinagar,  Jamnagar,  Mehsana"
    Maxgen Technologies     (More Jobs) ,"python  ,  Python Scripting              ","card_travel0 - 1 yrslocation_onPune,  Jalgaon,  Kolhapur,  Nagpur,  Solapur",Posted 1 day ago,card_travel0 - 1 yrs,"Pune,  Jalgaon,  Kolhapur,  Nagpur,  Solapur"
    HARMAN INTERNATIONAL        ,"python  ,  os  ,  linux  ,  middleware              ",card_travel1 - 4 yrslocation_onBengaluru / Bangalore,Posted 5 days ago,card_travel1 - 4 yrs,Bengaluru / Bangalore
    Spectrum Softtech Solutions Pvt Ltd        ,"Python  ,   Django Domains  ,   excellent knowledge              ",card_travel0 - 1 yrslocation_onCochin/ Kochi/ Ernakulam,Posted 1 day ago,card_travel0 - 1 yrs,Cochin/ Kochi/ Ernakulam
    Brainvire Infotech        ,"python  ,  oops  ,  project delivery  ,  sql              ",card_travel3 - 7 yrslocation_onAhmedabad,Posted 1 day ago,card_travel3 - 7 yrs,Ahmedabad
    AbsolutData Research & Analytics  ( P )  Ltd        ,"python  ,  problem solving  ,  infrastructure  ,  mysql              ",card_travel4 - 6 yrslocation_onGurgaon,Posted 2 days ago,card_travel4 - 6 yrs,Gurgaon
    rackspace technology        ,"python  ,  security  ,  Firewalls  ,  Kubernetes              ",card_travel0 - 3 yrslocation_onMexico,Posted few days ago,card_travel0 - 3 yrs,Mexico
    Itvedant Education Pvt. Ltd.        ,"python  ,  problem solving  ,   Analytical Skills              ",card_travel2 - 3 yrslocation_onThane,Posted 6 days ago,card_travel2 - 3 yrs,Thane
    HARMAN INTERNATIONAL        ,"python  ,  team player  ,  git  ,  oops  ,  linux  ,  debugging              ",card_travel5 - 6 yrslocation_onBengaluru / Bangalore,Posted 1 day ago,card_travel5 - 6 yrs,Bengaluru / Bangalore
    Maxgen Technologies     (More Jobs) ,"python  ,  Django  ,  web development              ","card_travel0 - 1 yrslocation_onAhmedabad,  Mehsana,  Rajkot,  Surat,  Surendranagar",Posted few days ago,card_travel0 - 1 yrs,"Ahmedabad,  Mehsana,  Rajkot,  Surat,  Surendranagar"
    TandA HR Solutions        ,"                hive  ,  python  ,  hadoop  ,  sql              ",card_travel2 - 5 yrslocation_onBengaluru / Bangalore,Posted few days ago,card_travel2 - 5 yrs,Bengaluru / Bangalore
    Fingent        ,"python  ,  database  ,  django  ,  postgresql  ,  linux  ,  mysql              ",card_travel6 - 9 yrslocation_onNew York City,Posted 4 days ago,card_travel6 - 9 yrs,New York City
    TECHNOPARK TRIVANDRUM        ,"python  ,  database  ,  django  ,  postgresql  ,  linux  ,  mysql              ",card_travel6 - 9 yrslocation_onThiruvananthapuram,Posted 4 days ago,card_travel6 - 9 yrs,Thiruvananthapuram
    Maxgen Technologies     (More Jobs) ,"python   ,  Artificial Intelligence              ","card_travel0 - 1 yrslocation_onPune,  Amravati,  Aurangabad,  Sangli,  Satara",Posted 2 days ago,card_travel0 - 1 yrs,"Pune,  Amravati,  Aurangabad,  Sangli,  Satara"
    unifylabs systems pvt ltd        ,"python  ,  django  ,  git  ,  mysql  ,  mvc              ","card_travel5 - 6 yrslocation_onMysoru / Mysore,  Bengaluru / Bangalore",Posted few days ago,card_travel5 - 6 yrs,"Mysoru / Mysore,  Bengaluru / Bangalore"
    Maxgen Technologies     (More Jobs) ,"                core python  ,  django              ","card_travel0 - 1 yrslocation_onPune,  Jalgaon,  Kolhapur,  Nagpur,  Solapur",Posted 3 days ago,card_travel0 - 1 yrs,"Pune,  Jalgaon,  Kolhapur,  Nagpur,  Solapur"
    Emerinter Consultancy Services        ,"python  ,  java  ,  c#  ,  python  ,  oracle  ,  javascript  ,                ",card_travel0 - 3 yrslocation_onCochin/ Kochi/ Ernakulam,Posted few days ago,card_travel0 - 3 yrs,Cochin/ Kochi/ Ernakulam
    The Edge Asia        ,"python  ,  django  ,  debugging              ",card_travel0 - 3 yrslocation_onBengaluru / Bangalore,Posted few days ago,card_travel0 - 3 yrs,Bengaluru / Bangalore
    CLOUD VISA IMMIGRATION LLP     (More Jobs) ,"python developer  ,  software developer  ,  Python Scripting  ,  python",card_travel3 - 8 yrs₹Rs 35.00 - 50.00 Lacs p.a.location_onCanada,Posted a month ago,card_travel3 - 8 yrs,Canada
    RDA Labs        ,"python  ,  c    ,  java  ,  scala  ,  problem solving              ",card_travel3 - 6 yrslocation_onBengaluru / Bangalore,Posted few days ago,card_travel3 - 6 yrs,Bengaluru / Bangalore
    Tanla Solutions Ltd        ,"                c    ,  python  ,  django  ,  mysql  ,  sql              ","card_travel2 - 4 yrslocation_onHyderabad/Secunderabad,  Chennai,  Bengaluru / Bangalore",Posted few days ago,card_travel2 - 4 yrs,"Hyderabad/Secunderabad,  Chennai,  Bengaluru / Bangalore"
    GLOINNT Solutions Pvt. Ltd.        ,"python  ,  problem solving  ,  storage              ","card_travel3 - 5 yrslocation_onMumbai,  Pune,  Bengaluru / Bangalore",Posted few days ago,card_travel3 - 5 yrs,"Mumbai,  Pune,  Bengaluru / Bangalore"
    TECHNOPARK TRIVANDRUM        ,"python  ,  docker  ,  sql  ,  nosql  ,  apache  ,  git  ,  postgresql  ,  web development  ,  mysql              ",card_travel3 - 6 yrslocation_onThiruvananthapuram,Posted 3 days ago,card_travel3 - 6 yrs,Thiruvananthapuram
    Schneider Electric Pvt Ltd        ,"python  ,  machine learning  ,  artificial intelligence  ,  devops              ",card_travel0 - 3 yrslocation_onFrance,Posted few days ago,card_travel0 - 3 yrs,France
    Aptence        ,"Python  ,   Django  ,  Web development              ",card_travel0 - 3 yrslocation_onNoida/Greater Noida,Posted few days ago,card_travel0 - 3 yrs,Noida/Greater Noida
    Comake IT software Pvt Ltd        ,"python  ,  messaging  ,  oop  ,  middleware              ",card_travel8 - 11 yrslocation_onHyderabad/Secunderabad,Posted few days ago,card_travel8 - 11 yrs,Hyderabad/Secunderabad
    JobsLo Consultants        ,"Python  ,  Quality   ,  Stakeholder Management              ",card_travel6 - 9 yrslocation_onBengaluru / Bangalore,Posted few days ago,card_travel6 - 9 yrs,Bengaluru / Bangalore
    TeXByte Solutions        ,"python  ,  css  ,  linux  ,  javascript              ",card_travel0 - 3 yrslocation_onCochin/ Kochi/ Ernakulam,Posted few days ago,card_travel0 - 3 yrs,Cochin/ Kochi/ Ernakulam
    APPLYCUP HIRING SOLUTIONS LLP        ,"python  ,  java  ,  oracle  ,  .net              ",card_travel0 - 1 yrslocation_onChennai,Posted few days ago,card_travel0 - 1 yrs,Chennai
    brickred  ( 3pillar global )        ,"python  ,  rest api  ,  sql  ,  django              ",card_travel0 - 3 yrslocation_on,Posted few days ago,card_travel0 - 3 yrs,
    QuEST Global Engineering Pvt Ltd        ,"                rest  ,  python  ,  data structures  ,  sql              ",card_travel4 - 7 yrslocation_onBengaluru / Bangalore,Posted few days ago,card_travel4 - 7 yrs,Bengaluru / Bangalore
    elektrobit india private limited        ,"                java  ,  c#  ,  python  ,  git  ,  testing tools  ,  debugging  ,  perl  ,  cloud computing  ,  junit  ,  svn  ,  infrastructure              ",card_travel0 - 3 yrslocation_onBengaluru / Bangalore,Posted 1 day ago,card_travel0 - 3 yrs,Bengaluru / Bangalore
    AFour Technologies        ,"python  ,  security  ,  iam  ,  api  ,  technical skills  ,  gateway              ",card_travel0 - 3 yrslocation_onPune,Posted few days ago,card_travel0 - 3 yrs,Pune
    ENVERUS        ,"                algorithms  ,  python  ,  sql  ,  docker  ,  software engineer  ,  mysql              ",card_travel4 - 7 yrslocation_on,Posted few days ago,card_travel4 - 7 yrs,
    Jump Trading        ,"python  ,  data mining  ,  infrastructure  ,  linux  ,  software engineer              ",card_travel0 - 3 yrslocation_onSingapore,Posted few days ago,card_travel0 - 3 yrs,Singapore
    crescendo global        ,"                algorithms  ,  bi  ,  artificial intelligence  ,  sql  ,  python  ,  c  ,  machine learning  ,  javascript              ",card_travel5 - 8 yrslocation_onBengaluru / Bangalore,Posted 6 days ago,card_travel5 - 8 yrs,Bengaluru / Bangalore
    Bosch Ltd        ,"                software design  ,  git  ,  xml  ,  oops  ,  python  ,  c  ,  svn  ,  clearcase              ","card_travel3 - 5 yrslocation_onHosur,  Bengaluru / Bangalore",Posted 6 days ago,card_travel3 - 5 yrs,"Hosur,  Bengaluru / Bangalore"
    CareerXperts Consulting        ,"                security  ,  devops  ,  software engineering  ,  technical skills  ,  python  ,  github  ,  c              ",card_travel5 - 8 yrslocation_onBengaluru / Bangalore,Posted 6 days ago,card_travel5 - 8 yrs,Bengaluru / Bangalore
    elektrobit india private limited        ,"                java  ,  c#  ,  python  ,  git  ,  testing tools  ,  debugging  ,  perl  ,  cloud computing  ,  junit  ,  svn  ,  infrastructure              ",card_travel0 - 3 yrslocation_onBengaluru / Bangalore,Posted 2 days ago,card_travel0 - 3 yrs,Bengaluru / Bangalore
    elektrobit india private limited        ,"                java  ,  c#  ,  python  ,  git  ,  testing tools  ,  debugging  ,  perl  ,  cloud computing  ,  junit  ,  svn  ,  infrastructure              ",card_travel0 - 3 yrslocation_onBengaluru / Bangalore,Posted 2 days ago,card_travel0 - 3 yrs,Bengaluru / Bangalore
    young minds technology solutions pvt ltd        ,"python  ,  information technology  ,  java  ,  written communication              ",card_travel0 - 3 yrslocation_onTirupati,Posted few days ago,card_travel0 - 3 yrs,Tirupati
    CONNECTING 2 WORK        ,"python  ,  css  ,  software design  ,  django  ,  git  ,  linux  ,  html              ",card_travel3 - 6 yrslocation_onPalakkad,Posted few days ago,card_travel3 - 6 yrs,Palakkad
    barco india        ,"                conference  ,  git  ,  devops  ,  linux  ,  rest  ,  python  ,  c  ,  mobile  ,  svn  ,  team player  ,  windows  ,  django              ",card_travel6 - 10 yrslocation_onNoida/Greater Noida,Posted 1 day ago,card_travel6 - 10 yrs,Noida/Greater Noida
    Maxgen Technologies     (More Jobs) ,"python  ,  Artificial Intelligence              ","card_travel0 - 1 yrslocation_onAhmedabad,  Mehsana,  Rajkot,  Surat,  Surendranagar",Posted 2 days ago,card_travel0 - 1 yrs,"Ahmedabad,  Mehsana,  Rajkot,  Surat,  Surendranagar"
